Question,type,CorrectOption,Option1,Option2,Option3,Option4,
sda,1,1,220 hobo Av.,Phila, PA,9119,123
asasx,1,1,,Riverside, NJ,8075,
sdcsd,2,1,"7452 Terrace ""At the Plaza"" road",SomeTown,SD,91234,
this is qs,3,1,this is right,SomeTown, SD,298,
"Joan ""the bone"", Anne",3,1,"9th, at Terrace plc",Desert City,CO,123,
Jack,2,1,220 hobo Av.,Phila, PA,9119,
"John ""Da Man""",1,1,120 Jefferson St.,Riverside, NJ,8075,
Stephen,2,1,"7452 Terrace ""At the Plaza"" road",SomeTown,SD,91234,
this is qs,2,1,this is right,SomeTown, SD,298,
"Joan ""the bone"", Anne",3,1,"9th, at Terrace plc",Desert City,CO,123,
,3,1,220 hobo Av.,Phila, PA,9119,
